[
    {
        "AUSSENTEMP": "OUTDOOR_TEMP"
    },
    {
        "EINSTELL_SPEICHERSOLLTEMP": "ADJUST_STORAGE_TARGET_TEMP"
    },
    {
        "EINSTELL_SPEICHERSOLLTEMP2": "ADJUST_STORAGE_TARGET_TEMP2"
    },
    {
        "HILFSKESSELSOLL": "AUXILIARY_BOILER_TARGET"
    },
    {
        "INITIALISIERUNG_KESSEL": "BOILER_INITIALIZATION"
    },
    {
        "KESSELSOLLTEMP": "BOILER_TARGET_TEMP"
    },
    {
        "RUECKLAUFISTTEMP_KESSEL": "BOILER_RETURN_ACTUAL_TEMP"
    },
    {
        "SPEICHERISTTEMP": "STORAGE_ACTUAL_TEMP"
    },
    {
        "SPEICHERSOLLTEMP": "STORAGE_TARGET_TEMP"
    },
    {
        "VORLAUFSOLLTEMP": "FLOW_TARGET_TEMP"
    },
    {
        "WPVORLAUFIST_KESSEL": "HP_FLOW_ACTUAL_BOILER"
    },
    {
        "BUSKONTROLLE": "BUS_CONTROL"
    },
    {
        "ANFAHRENT": "STARTUP_END"
    },
    {
        "GERAETEKONFIGURATION": "DEVICE_CONFIGURATION"
    },
    {
        "HARDWARE_NUMMER_MANAGER": "HARDWARE_NUMBER_MANAGER"
    },
    {
        "INDEX_NOT_FOUND_MANAGER": "INDEX_NOT_FOUND_MANAGER"
    },
    {
        "INITIALISIERUNG_MANAGER": "INITIALIZATION_MANAGER"
    },
    {
        "LAUFZEIT_VERD_BEI_SPEICHERBEDARF": "COMPRESSOR_RUNTIME_WHEN_STORAGE_DEMAND"
    },
    {
        "LUEFT_PASSIVKUEHLUNG_UEBER_FORTLUEFTER": "VENTILATION_PASSIVE_COOLING_VIA_EXHAUST_FAN"
    },
    {
        "LZ_VERD_1_2_HEIZBETRIEB_MANAGER": "COMPRESSOR_RUNTIME_1_2_HEATING_MODE_MANAGER"
    },
    {
        "LZ_VERD_1_2_KUEHLBETRIEB_MANAGER": "COMPRESSOR_RUNTIME_1_2_COOLING_MODE_MANAGER"
    },
    {
        "LZ_VERD_1_2_WW_BETRIEB_MANAGER": "COMPRESSOR_RUNTIME_1_2_DHW_MODE_MANAGER"
    },
    {
        "LZ_VERD_1_HEIZBETRIEB_MANAGER": "COMPRESSOR_RUNTIME_1_HEATING_MODE_MANAGER"
    },
    {
        "LZ_VERD_1_KUEHLBETRIEB_MANAGER": "COMPRESSOR_RUNTIME_1_COOLING_MODE_MANAGER"
    },
    {
        "LZ_VERD_1_WW_BETRIEB_MANAGER": "COMPRESSOR_RUNTIME_1_DHW_MODE_MANAGER"
    },
    {
        "LZ_VERD_2_HEIZBETRIEB_MANAGER": "COMPRESSOR_RUNTIME_2_HEATING_MODE_MANAGER"
    },
    {
        "LZ_VERD_2_KUEHLBETRIEB_MANAGER": "COMPRESSOR_RUNTIME_2_COOLING_MODE_MANAGER"
    },
    {
        "LZ_VERD_2_WW_BETRIEB_MANAGER": "COMPRESSOR_RUNTIME_2_DHW_MODE_MANAGER"
    },
    {
        "PARAMETERSATZ_MANAGER": "PARAMETER_SET_MANAGER"
    },
    {
        "QUELLENPUMPEN_STATUS": "SOURCE_PUMPS_STATUS"
    },
    {
        "RAUMISTTEMP": "ROOM_ACTUAL_TEMP"
    },
    {
        "RAUMSOLLTEMP_I": "ROOM_TARGET_TEMP_I"
    },
    {
        "RAUMSOLLTEMP_II": "ROOM_TARGET_TEMP_II"
    },
    {
        "RAUMSOLLTEMP_III": "ROOM_TARGET_TEMP_III"
    },
    {
        "RAUMSOLLTEMP_NACHT": "ROOM_TARGET_TEMP_NIGHT"
    },
    {
        "RUECKLAUFISTTEMP_MANAGER": "RETURN_ACTUAL_TEMP_MANAGER"
    },
    {
        "SAMMEL_RELAISSTATUS": "COLLECTIVE_RELAY_STATUS"
    },
    {
        "SOFTWARE_NUMMER_MANAGER": "SOFTWARE_NUMBER_MANAGER"
    },
    {
        "SOFTWARE_VERSION": "SOFTWARE_VERSION"
    },
    {
        "SPEICHERBEDARF": "STORAGE_DEMAND"
    },
    {
        "TEILVORRANG_WW": "PARTIAL_PRIORITY_DHW"
    },
    {
        "TEMPORALE_LUEFTUNGSSTUFE_DAUER": "TEMPORAL_VENTILATION_LEVEL_DURATION"
    },
    {
        "VERDICHTER_MANAGER": "COMPRESSOR_MANAGER"
    },
    {
        "VERSTELLTE_RAUMSOLLTEMP": "ADJUSTED_ROOM_TARGET_TEMP"
    },
    {
        "WPVORLAUFIST_MANAGER": "HP_FLOW_ACTUAL_MANAGER"
    },
    {
        "ZWISCHENEINSPRITZUNG_ISTTEMP": "INTERMEDIATE_INJECTION_ACTUAL_TEMP"
    },
    {
        "ACCESS_EEPROM": "ACCESS_EEPROM"
    },
    {
        "JAHR": "YEAR"
    },
    {
        "MINUTE": "MINUTE"
    },
    {
        "MONAT": "MONTH"
    },
    {
        "SEKUNDE": "SECOND"
    },
    {
        "STUNDE": "HOUR"
    },
    {
        "TAG": "DAY"
    },
    {
        "WP_STATUS": "HP_STATUS"
    },
    {
        "EVU_SPERRE_AKTIV_MANAGER": "UTILITY_LOCK_ACTIVE_MANAGER"
    },
    {
        "VERDAMPFERTEMP": "EVAPORATOR_TEMP"
    },
    {
        "RUECKLAUFISTTEMP": "RETURN_ACTUAL_TEMP"
    },
    {
        "VERDICHTER_HEIZMODUL": "COMPRESSOR_HEATING_MODULE"
    },
    {
        "WPVORLAUFIST": "HP_FLOW_ACTUAL"
    },
    {
        "ABTAUUNGAKTIV": "DEFROSTING_ACTIVE"
    },
    {
        "BETRIEBSART_WP": "OPERATING_MODE_HP"
    },
    {
        "EL_AUFNAHMELEISTUNG_HEIZ_SUM_KWH": "ELECTRIC_POWER_CONSUMPTION_HEATING_TOTAL_KWH"
    },
    {
        "EL_AUFNAHMELEISTUNG_HEIZ_TAG_WH": "ELECTRIC_POWER_CONSUMPTION_HEATING_DAY_WH"
    },
    {
        "EL_AUFNAHMELEISTUNG_WW_SUM_KWH": "ELECTRIC_POWER_CONSUMPTION_DHW_TOTAL_KWH"
    },
    {
        "EL_AUFNAHMELEISTUNG_WW_TAG_WH": "ELECTRIC_POWER_CONSUMPTION_DHW_DAY_WH"
    },
    {
        "FATAL_ERROR": "FATAL_ERROR"
    },
    {
        "FEHLER_PARAMETERSATZ_IWS": "ERROR_PARAMETER_SET_IWS"
    },
    {
        "FEHLERMELDUNG": "ERROR_MESSAGE"
    },
    {
        "HARDWARE_NUMMER_HEIZMODUL": "HARDWARE_NUMBER_HEATING_MODULE"
    },
    {
        "INDEX_NOT_FOUND_HEIZMODUL": "INDEX_NOT_FOUND_HEATING_MODULE"
    },
    {
        "INITIALISIERUNG_HEIZMODUL": "INITIALIZATION_HEATING_MODULE"
    },
    {
        "K_OS_RMX_RESERVE_INFO3": "K_OS_RMX_RESERVE_INFO3"
    },
    {
        "LZ_VERD_1_2_WW_BETRIEB_HEIZMODUL": "COMPRESSOR_RUNTIME_1_2_DHW_MODE_HEATING_MODULE"
    },
    {
        "LZ_VERD_1_WW_BETRIEB_HEIZMODUL": "COMPRESSOR_RUNTIME_1_DHW_MODE_HEATING_MODULE"
    },
    {
        "LZ_VERD_2_WW_BETRIEB_HEIZMODUL": "COMPRESSOR_RUNTIME_2_DHW_MODE_HEATING_MODULE"
    },
    {
        "PARAMETERSATZ_HEIZMODUL": "PARAMETER_SET_HEATING_MODULE"
    },
    {
        "SCHALTFKT_IWS": "SWITCHING_FUNCTION_IWS"
    },
    {
        "SOFTWARE_NUMMER_HEIZMODUL": "SOFTWARE_NUMBER_HEATING_MODULE"
    },
    {
        "SOLAR_KOLLEKTOR_3_I_ANTEIL": "SOLAR_COLLECTOR_3_I_SHARE"
    },
    {
        "SPEICHER_STATUS": "STORAGE_STATUS"
    },
    {
        "STUETZSTELLE_HD1": "SUPPORT_POINT_HD1"
    },
    {
        "STUETZSTELLE_HD2": "SUPPORT_POINT_HD2"
    },
    {
        "STUETZSTELLE_ND1": "SUPPORT_POINT_ND1"
    },
    {
        "STUETZSTELLE_ND2": "SUPPORT_POINT_ND2"
    },
    {
        "WAERMEERTRAG_2WE_HEIZ_SUM_KWH": "HEAT_GAIN_2WE_HEATING_TOTAL_KWH"
    },
    {
        "WAERMEERTRAG_2WE_WW_SUM_KWH": "HEAT_GAIN_2WE_DHW_TOTAL_KWH"
    },
    {
        "WAERMEERTRAG_HEIZ_SUM_KWH": "HEAT_GAIN_HEATING_TOTAL_KWH"
    },
    {
        "WAERMEERTRAG_HEIZ_TAG_WH": "HEAT_GAIN_HEATING_DAY_WH"
    },
    {
        "WAERMEERTRAG_WW_SUM_KWH": "HEAT_GAIN_DHW_TOTAL_KWH"
    },
    {
        "WAERMEERTRAG_WW_TAG_WH": "HEAT_GAIN_DHW_DAY_WH"
    },
    {
        "EL_AUFNAHMELEISTUNG_HEIZ_SUM_MWH": "ELECTRIC_POWER_CONSUMPTION_HEATING_TOTAL_MWH"
    },
    {
        "EL_AUFNAHMELEISTUNG_HEIZ_TAG_KWH": "ELECTRIC_POWER_CONSUMPTION_HEATING_DAY_KWH"
    },
    {
        "EL_AUFNAHMELEISTUNG_WW_SUM_MWH": "ELECTRIC_POWER_CONSUMPTION_DHW_TOTAL_MWH"
    },
    {
        "EL_AUFNAHMELEISTUNG_WW_TAG_KWH": "ELECTRIC_POWER_CONSUMPTION_DHW_DAY_KWH"
    },
    {
        "WAERMEERTRAG_2WE_HEIZ_SUM_MWH": "HEAT_GAIN_2WE_HEATING_TOTAL_MWH"
    },
    {
        "WAERMEERTRAG_2WE_WW_SUM_MWH": "HEAT_GAIN_2WE_DHW_TOTAL_MWH"
    },
    {
        "WAERMEERTRAG_HEIZ_SUM_MWH": "HEAT_GAIN_HEATING_TOTAL_MWH"
    },
    {
        "WAERMEERTRAG_HEIZ_TAG_KWH": "HEAT_GAIN_HEATING_DAY_KWH"
    },
    {
        "WAERMEERTRAG_WW_SUM_MWH": "HEAT_GAIN_DHW_TOTAL_MWH"
    },
    {
        "WAERMEERTRAG_WW_TAG_KWH": "HEAT_GAIN_DHW_DAY_KWH"
    },
    {
        "LZ_VERD_1_2_HEIZBETRIEB_HEIZMODUL": "COMPRESSOR_RUNTIME_1_2_HEATING_MODE_HEATING_MODULE"
    },
    {
        "LZ_VERD_1_2_KUEHLBETRIEB_HEIZMODUL": "COMPRESSOR_RUNTIME_1_2_COOLING_MODE_HEATING_MODULE"
    },
    {
        "LZ_VERD_1_HEIZBETRIEB_HEIZMODUL": "COMPRESSOR_RUNTIME_1_HEATING_MODE_HEATING_MODULE"
    },
    {
        "LZ_VERD_1_KUEHLBETRIEB_HEIZMODUL": "COMPRESSOR_RUNTIME_1_COOLING_MODE_HEATING_MODULE"
    },
    {
        "LZ_VERD_2_HEIZBETRIEB_HEIZMODUL": "COMPRESSOR_RUNTIME_2_HEATING_MODE_HEATING_MODULE"
    },
    {
        "LZ_VERD_2_KUEHLBETRIEB_HEIZMODUL": "COMPRESSOR_RUNTIME_2_COOLING_MODE_HEATING_MODULE"
    },
    {
        "EL_AUFNAHMELEISTUNG_HEIZ_SUM": "ELECTRIC_POWER_CONSUMPTION_HEATING_TOTAL"
    },
    {
        "EL_AUFNAHMELEISTUNG_WW_SUM": "ELECTRIC_POWER_CONSUMPTION_DHW_TOTAL"
    },
    {
        "EL_AUFNAHMELEISTUNG_HEIZ_INCREASING": "ELECTRIC_POWER_CONSUMPTION_HEATING_INCREASING"
    },
    {
        "EL_AUFNAHMELEISTUNG_WW_INCREASING": "ELECTRIC_POWER_CONSUMPTION_DHW_INCREASING"
    },
    {
        "EL_AUFNAHMELEISTUNG_HEIZ_TAG": "ELECTRIC_POWER_CONSUMPTION_HEATING_DAY"
    },
    {
        "EL_AUFNAHMELEISTUNG_WW_TAG": "ELECTRIC_POWER_CONSUMPTION_DHW_DAY"
    },
    {
        "WAERMEERTRAG_2WE_HEIZ_SUM": "HEAT_GAIN_2WE_HEATING_TOTAL"
    },
    {
        "WAERMEERTRAG_2WE_WW_SUM": "HEAT_GAIN_2WE_DHW_TOTAL"
    },
    {
        "WAERMEERTRAG_HEIZ_SUM": "HEAT_GAIN_HEATING_TOTAL"
    },
    {
        "WAERMEERTRAG_HEIZ_INCREASING": "HEAT_GAIN_HEATING_INCREASING"
    },
    {
        "WAERMEERTRAG_HEIZ_TAG": "HEAT_GAIN_HEATING_DAY"
    },
    {
        "WAERMEERTRAG_WW_SUM": "HEAT_GAIN_DHW_TOTAL"
    },
    {
        "WAERMEERTRAG_WW_INCREASING": "HEAT_GAIN_DHW_INCREASING"
    },
    {
        "WAERMEERTRAG_WW_TAG": "HEAT_GAIN_DHW_DAY"
    },
    {
        "COP_WW": "COP_DHW"
    },
    {
        "COP_HEIZ": "COP_HEATING"
    },
    {
        "COP_GESAMT": "COP_TOTAL"
    },
    {
        "WiFi Signal dBm": "WiFi Signal dBm"
    },
    {
        "WiFi Signal": "WiFi Signal"
    },
    {
        "Update Uhrzeit": "Update Time"
    },
    {
        "Update Datum": "Update Date"
    },
    {
        "Wärmepumpe Datum Setpoint": "Heat Pump Date Setpoint"
    },
    {
        "Wärmepumpe Uhrzeit Setpoint": "Heat Pump Time Setpoint"
    },
    {
        "EINSTELL_SPEICHERSOLLTEMP_SET": "ADJUST_STORAGE_TARGET_TEMP_SET"
    },
    {
        "EINSTELL_SPEICHERSOLLTEMP2_SET": "ADJUST_STORAGE_TARGET_TEMP2_SET"
    },
    {
        "GERAETE_ID_MANAGER": "DEVICE_ID_MANAGER"
    },
    {
        "PROGRAMMSCHALTER": "PROGRAM_SWITCH"
    },
    {
        "SOMMERBETRIEB": "SUMMER_OPERATION"
    },
    {
        "WW_ECO": "DHW_ECO"
    },
    {
        "GERAETE_ID_HEIZMODUL": "DEVICE_ID_HEATING_MODULE"
    },
    {
        "DATUM": "DATE"
    },
    {
        "ZEIT": "TIME"
    }
]